<Prefab>
	<Constants>
		<Constant Name="Encyclopedia.Canvas.Width" BrushLayer="Default" BrushName="Encyclopedia.Canvas" BrushValueType="Width" />
		<Constant Name="Encyclopedia.Canvas.Height" BrushLayer="Default" BrushName="Encyclopedia.Canvas" BrushValueType="Height" />
		<Constant Name="Encyclopedia.Width" Additive="-35" Value="!Encyclopedia.Canvas.Width" />
		<Constant Name="Encyclopedia.Height" Additive="-198" Value="!Encyclopedia.Canvas.Height" />
	</Constants>
	<Window>
		<Widget DoNotAcceptEvents="true" WidthSizePolicy="StretchToParent" HeightSizePolicy="StretchToParent" Brush="Encyclopedia.Page.SoundBrush">
			<Children>
				<Widget DoNotAcceptEvents="true" WidthSizePolicy="Fixed" HeightSizePolicy="Fixed" SuggestedWidth="!Encyclopedia.Width" SuggestedHeight="!Encyclopedia.Height" HorizontalAlignment="Center" VerticalAlignment="Top" MarginTop="210" MarginBottom="117">
					<Children>
						<ListPanel DoNotAcceptEvents="true" WidthSizePolicy="StretchToParent" HeightSizePolicy="StretchToParent">
							<Children>
								<!--Left Side Character Properties-->
								<Widget WidthSizePolicy="Fixed" HeightSizePolicy="StretchToParent" SuggestedWidth="370">
									<Children>
										<ListPanel WidthSizePolicy="StretchToParent" HeightSizePolicy="CoverChildren" MarginTop="10" LayoutImp.LayoutMethod="VerticalBottomToTop">
											<Children>
												<!--Settlement Name-->
												<RichTextWidget WidthSizePolicy="StretchToParent" HeightSizePolicy="CoverChildren" Brush="Encyclopedia.SubPage.Title.Text" Brush.TextHorizontalAlignment="Center" Text="@SettlementName" />
											</Children>
										</ListPanel>
										<!--Prosperity Label-->
										<ListPanel DataSource="{ProsperityHint}" DoNotPassEventsToChildren="true" WidthSizePolicy="CoverChildren" HeightSizePolicy="CoverChildren" MarginLeft="20" MarginTop="90" Command.HoverBegin="ExecuteBeginHint" Command.HoverEnd="ExecuteEndHint">
											<Children>
												<Widget WidthSizePolicy="Fixed" HeightSizePolicy="Fixed" SuggestedWidth="40" SuggestedHeight="40" VerticalAlignment="Center" Sprite="Icons\Prosperity" />
												<RichTextWidget DataSource="{..}" WidthSizePolicy="CoverChildren" HeightSizePolicy="CoverChildren" VerticalAlignment="Center" Brush="Encyclopedia.SubPage.Element.Properties.Text" Text="@ProsperityText" />
											</Children>
										</ListPanel>
										<!--Militia Label-->
										<ListPanel DataSource="{MilitasHint}" DoNotPassEventsToChildren="true" WidthSizePolicy="CoverChildren" HeightSizePolicy="CoverChildren" MarginLeft="20" MarginTop="120" Command.HoverBegin="ExecuteBeginHint" Command.HoverEnd="ExecuteEndHint">
											<Children>
												<Widget WidthSizePolicy="Fixed" HeightSizePolicy="Fixed" SuggestedWidth="40" SuggestedHeight="40" VerticalAlignment="Center" Sprite="Icons\Militia" />
												<RichTextWidget DataSource="{..}" WidthSizePolicy="CoverChildren" HeightSizePolicy="CoverChildren" VerticalAlignment="Center" Brush="Encyclopedia.SubPage.Element.Properties.Text" Text="@MilitasText" />
											</Children>
										</ListPanel>
										<!--Loyalty Label-->
										<ListPanel DataSource="{LoyaltyHint}" DoNotPassEventsToChildren="true" WidthSizePolicy="CoverChildren" HeightSizePolicy="CoverChildren" MarginLeft="20" MarginTop="150" Command.HoverBegin="ExecuteBeginHint" Command.HoverEnd="ExecuteEndHint" >
											<Children>
												<Widget DataSource="{..}" WidthSizePolicy="Fixed" HeightSizePolicy="Fixed" SuggestedWidth="40" SuggestedHeight="40" VerticalAlignment="Center" Sprite="MapOverlay\Settlement\icon_morale_big" IsVisible="@IsFortification"/>
												<RichTextWidget DataSource="{..}" WidthSizePolicy="CoverChildren" HeightSizePolicy="CoverChildren" VerticalAlignment="Center" Brush="Encyclopedia.SubPage.Element.Properties.Text" Text="@LoyaltyText" IsVisible="@IsFortification"/>
											</Children>
										</ListPanel>
										<!--Garrison Label-->
										<ListPanel DataSource="{GarrisonHint}" DoNotPassEventsToChildren="true" WidthSizePolicy="CoverChildren" HeightSizePolicy="CoverChildren" MarginLeft="198" MarginTop="90" Command.HoverBegin="ExecuteBeginHint" Command.HoverEnd="ExecuteEndHint" >
											<Children>
												<Widget DataSource="{..}" WidthSizePolicy="Fixed" HeightSizePolicy="Fixed" SuggestedWidth="40" SuggestedHeight="40" VerticalAlignment="Center" Sprite="Icons\Garrison" IsVisible="@IsFortification"/>
												<RichTextWidget DataSource="{..}" WidthSizePolicy="CoverChildren" HeightSizePolicy="CoverChildren" VerticalAlignment="Center" Brush="Encyclopedia.SubPage.Element.Properties.Text" Text="@GarrisonText" IsVisible="@IsFortification"/>
											</Children>
										</ListPanel>
										<!--Food Label-->
										<ListPanel DataSource="{FoodHint}" DoNotPassEventsToChildren="true" WidthSizePolicy="CoverChildren" HeightSizePolicy="CoverChildren" MarginLeft="198" MarginTop="120" Command.HoverBegin="ExecuteBeginHint" Command.HoverEnd="ExecuteEndHint" >
											<Children>
												<Widget DataSource="{..}" WidthSizePolicy="Fixed" HeightSizePolicy="Fixed" SuggestedWidth="40" SuggestedHeight="40" VerticalAlignment="Center" Sprite="Icons\Food" IsVisible="@IsFortification"/>
												<RichTextWidget DataSource="{..}" WidthSizePolicy="CoverChildren" HeightSizePolicy="CoverChildren" VerticalAlignment="Center" Brush="Encyclopedia.SubPage.Element.Properties.Text" Text="@FoodText" IsVisible="@IsFortification"/>
											</Children>
										</ListPanel>
										<!--Walls Label-->
										<ListPanel DataSource="{WallsHint}" DoNotPassEventsToChildren="true" WidthSizePolicy="CoverChildren" HeightSizePolicy="CoverChildren" MarginLeft="198" MarginTop="150" Command.HoverBegin="ExecuteBeginHint" Command.HoverEnd="ExecuteEndHint" >
											<Children>
												<Widget DataSource="{..}" WidthSizePolicy="Fixed" HeightSizePolicy="Fixed" SuggestedWidth="40" SuggestedHeight="40" VerticalAlignment="Center" Sprite="MapOverlay\Settlement\icon_wall_big" IsVisible="@IsFortification"/>
												<RichTextWidget DataSource="{..}" WidthSizePolicy="CoverChildren" HeightSizePolicy="CoverChildren" VerticalAlignment="Center" Brush="Encyclopedia.SubPage.Element.Properties.Text" Text="@WallsText" IsVisible="@IsFortification"/>
											</Children>
										</ListPanel>
										<!--Security Label-->
										<ListPanel DataSource="{SecurityHint}" DoNotPassEventsToChildren="true" WidthSizePolicy="CoverChildren" HeightSizePolicy="CoverChildren" MarginLeft="118" MarginTop="175" Command.HoverBegin="ExecuteBeginHint" Command.HoverEnd="ExecuteEndHint" >
											<Children>
												<Widget DataSource="{..}" WidthSizePolicy="Fixed" HeightSizePolicy="Fixed" SuggestedWidth="40" SuggestedHeight="40" VerticalAlignment="Center" Sprite="MapOverlay\Settlement\icon_security" IsVisible="@IsFortification"/>
												<RichTextWidget DataSource="{..}" WidthSizePolicy="CoverChildren" HeightSizePolicy="CoverChildren" VerticalAlignment="Center" Brush="Encyclopedia.SubPage.Element.Properties.Text" Text="@SecurityText" IsVisible="@IsFortification"/>
											</Children>
										</ListPanel>
										<!--Bound Settlement Text-->
										<RichTextWidget WidthSizePolicy = "Fixed" SuggestedWidth="280" HeightSizePolicy = "CoverChildren" Text="@BoundSettlementText" MarginBottom="540" VerticalAlignment="Bottom" HorizontalAlignment="Center" IsVisible="@HasBoundSettlement" Brush="Encyclopedia.SubPage.History.Text" Command.LinkClick="ExecuteBoundSettlementLink"/>
										<Widget WidthSizePolicy="Fixed" HeightSizePolicy="Fixed" SuggestedWidth="280" SuggestedHeight="506" HorizontalAlignment="Center" VerticalAlignment="Bottom" MarginRight="4" MarginBottom="30" Brush="Encyclopedia.SubPage.Settlement.Image" Sprite="@SettlementImageID" />
										<Widget Id="ToggleIndicator" WidthSizePolicy="Fixed" HeightSizePolicy="Fixed" SuggestedWidth="37" SuggestedHeight="37" HorizontalAlignment="Right" VerticalAlignment="Top" MarginRight="30" MarginTop="110" Sprite="Nameplates\tracked_ring" IsDisabled="true" IsVisible="@IsVisualTrackerSelected" />
										<!--Tracker Button-->
										<ListPanel WidthSizePolicy="Fixed" HeightSizePolicy="CoverChildren" SuggestedWidth="37" HorizontalAlignment="Right" VerticalAlignment="Top" LayoutImp.LayoutMethod="VerticalBottomToTop" MarginRight="30" MarginTop="110" >
											<Children>
												<ButtonWidget Id="TrackButton" WidthSizePolicy="Fixed" HeightSizePolicy="Fixed" SuggestedWidth="37" SuggestedHeight="37" Brush="Encyclopedia.Settlement.TrackButton" Command.Click="ExecuteTrack" />
												<TextWidget WidthSizePolicy="StretchToParent" HeightSizePolicy="CoverChildren" SuggestedHeight="20" MarginTop="7" VerticalAlignment="Bottom" Brush="Encyclopedia.TrackInfoText" Text="@TrackText" />
												<TutorialHighlightItemWidget WidthSizePolicy="Fixed" HeightSizePolicy="Fixed" SuggestedWidth="55" SuggestedHeight="75" HorizontalAlignment="Center" VerticalAlignment="Center" Brush="TutorialHighlightBrush" IsEnabled="false" IsHighlightEnabled="@IsTrackerButtonHighlightEnabled" IsVisible="false" />
											</Children>
										</ListPanel>
										<Widget WidthSizePolicy="Fixed" HeightSizePolicy="StretchToParent" SuggestedWidth="2" HorizontalAlignment="Right" MarginRight="15" Sprite="Encyclopedia\divider_vertical" />
									</Children>
								</Widget>
								<ScrollbarWidget Id="RightSideScrollbar" WidthSizePolicy="Fixed" HeightSizePolicy="StretchToParent" SuggestedWidth="20" HorizontalAlignment="Left" VerticalAlignment="Center" MarginLeft="10" MarginTop="15" MarginBottom="15" AlignmentAxis="Vertical" Handle="RightSideScrollbarHandle" MaxValue="100" MinValue="0">
									<Children>
										<Widget Id="RightSideScrollbarHandle" WidthSizePolicy="StretchToParent" HeightSizePolicy="Fixed" SuggestedHeight="50" HorizontalAlignment="Center" />
									</Children>
								</ScrollbarWidget>
								<ScrollablePanel Id="RightSideScrollablePanel" WidthSizePolicy="StretchToParent" HeightSizePolicy="StretchToParent" HorizontalAlignment="Center" VerticalAlignment="Center" MarginBottom="10" AutoHideScrollBars="true" ClipRect="RightSideRect" InnerPanel="RightSideRect\RightSideList" MouseScrollAxis="Vertical" VerticalScrollbar="..\RightSideScrollbar">
									<Children>
										<!--Right Side Character Owner, Notables, Villages-->
										<Widget Id="RightSideRect" DoNotAcceptEvents="true" WidthSizePolicy="StretchToParent" HeightSizePolicy="StretchToParent" ClipContents="true">
											<Children>
												<ListPanel Id="RightSideList" DoNotAcceptEvents="true" WidthSizePolicy="StretchToParent" HeightSizePolicy="CoverChildren" MarginTop="10">
													<Children>
														<!--Owner, Notables, Villages-->
														<Widget DoNotAcceptEvents="true" WidthSizePolicy="Fixed" HeightSizePolicy="CoverChildren" SuggestedWidth="739">
															<Children>
																<ListPanel DoNotAcceptEvents="true" WidthSizePolicy="StretchToParent" HeightSizePolicy="CoverChildren" LayoutImp.LayoutMethod="VerticalBottomToTop">
																	<Children>
																		<!--Settlement Info Text-->
																		<RichTextWidget WidthSizePolicy="StretchToParent" HeightSizePolicy="CoverChildren" MarginLeft="25" MarginRight="25" MarginTop="25" Brush="Encyclopedia.SubPage.Info.Text" Text="@InformationText" />
																		<!--Owner Divider-->
																		<EncyclopediaDivider MarginTop="40" Parameter.Title="@OwnerText" Parameter.ItemList="..\OwnerList"/>
																		<!--Bound Town, Owner, Owner Banner-->
																		<ListPanel Id="OwnerList" WidthSizePolicy="CoverChildren" HeightSizePolicy="CoverChildren" MarginLeft="20" MarginTop="20">
																			<Children>
																				<EncyclopediaSubPageElement SuggestedWidth="123" SuggestedHeight="89" Parameter.ElementDataSource="{Owner}" MarginRight="45"/>
																				<!--Ownner Banner Image-->
																				<EncyclopediaClanSubPageElement DataSource="{OwnerBanner}" HorizontalAlignment="Center" MarginTop="1"/>
																			</Children>
																		</ListPanel>
																		<!--Notables Divider-->
																		<EncyclopediaDivider MarginTop="50" Parameter.Title="@NotableCharactersText" Parameter.ItemList="..\NotablesGrid"/>
																		<!--Notables Grid-->
																		<GridWidget Id="NotablesGrid" DataSource="{NotableCharacters}" WidthSizePolicy="CoverChildren" HeightSizePolicy="CoverChildren" SuggestedWidth="350" SuggestedHeight="350" HorizontalAlignment="Left" MarginTop="10" DefaultCellWidth="100" DefaultCellHeight="105" ColumnCount="7" MarginLeft="15">
																			<ItemTemplate>
																				<!--Notable-->
																				<EncyclopediaSubPageElement />
																			</ItemTemplate>
																		</GridWidget>
																		<!--Economy Divider-->
																		<EncyclopediaDivider MarginTop="50" Parameter.Title="@EconomyText" Parameter.ItemList="..\EconomyList" IsVisible="@HasEconomy"/>
																		<!--Economy list-->
																		<ListPanel Id="EconomyList" WidthSizePolicy="StretchToParent" HeightSizePolicy="CoverChildren" MarginLeft="15" MarginTop="10" LayoutImp.LayoutMethod="VerticalBottomToTop">
																			<Children>
																				<RichTextWidget WidthSizePolicy="StretchToParent" HeightSizePolicy="CoverChildren" MarginLeft="5" MarginRight="5" MarginTop="20" Brush="Encyclopedia.SubPage.Info.Text" Text="@EconomyStatusText" />
																				<RichTextWidget WidthSizePolicy="StretchToParent" HeightSizePolicy="CoverChildren" MarginLeft="5" MarginRight="5" MarginTop="20" Brush="Encyclopedia.SubPage.Info.Text" Text="@WorkshopsText" />
																				<RichTextWidget WidthSizePolicy="StretchToParent" HeightSizePolicy="CoverChildren" MarginLeft="5" MarginRight="5" MarginTop="20" Brush="Encyclopedia.SubPage.Info.Text" Text="@LocalProductionText" />
																				<RichTextWidget WidthSizePolicy="StretchToParent" HeightSizePolicy="CoverChildren" MarginLeft="5" MarginRight="5" MarginTop="20" Brush="Encyclopedia.SubPage.Info.Text" Text="@BoundProductionText" />
																			</Children>
																		</ListPanel>
																		<!--Settlements Divider-->
																		<EncyclopediaDivider MarginTop="30" Parameter.Title="@SettlementsText" Parameter.ItemList="..\SettlementsGrid"/>
																		<!--Settlements Grid-->
																		<GridWidget Id="SettlementsGrid" DataSource="{Settlements}" WidthSizePolicy="CoverChildren" HeightSizePolicy="CoverChildren" SuggestedWidth="350" SuggestedHeight="350" HorizontalAlignment="Left" MarginTop="5" DefaultCellWidth="100" DefaultCellHeight="140" ColumnCount="7" MarginLeft="20">
																			<ItemTemplate>
																				<ButtonWidget DoNotPassEventsToChildren="true" WidthSizePolicy="Fixed" HeightSizePolicy="Fixed" SuggestedWidth="90" SuggestedHeight="90" Brush="Encyclopedia.SubPage.Element" Command.Click="ExecuteLink">
																					<Children>
																						<Widget Id="VillageImage" WidthSizePolicy="Fixed" HeightSizePolicy="Fixed" SuggestedWidth="80" SuggestedHeight="80" HorizontalAlignment="Center" VerticalAlignment="Center" Sprite="@FileName" />
																						<HintWidget WidthSizePolicy="StretchToParent" HeightSizePolicy="StretchToParent" Command.HoverBegin="ExecuteBeginHint" Command.HoverEnd="ExecuteEndHint" />
																						<TextWidget WidthSizePolicy="StretchToParent" HeightSizePolicy="CoverChildren" VerticalAlignment="Top" PositionYOffset="95" Brush="Encyclopedia.SubPage.Element.Name.Text" Brush.FontSize="18" Text="@NameText" />
																					</Children>
																				</ButtonWidget>
																			</ItemTemplate>
																		</GridWidget>
																	</Children>
																</ListPanel>
															</Children>
														</Widget>
														<!--Event Log-->
														<Widget WidthSizePolicy="StretchToParent" HeightSizePolicy="CoverChildren">
															<Children>
																<ListPanel DataSource="{History}" WidthSizePolicy="StretchToParent" HeightSizePolicy="CoverChildren" MarginLeft="19" MarginRight="10" MarginTop="34" LayoutImp.LayoutMethod="VerticalBottomToTop">
																	<ItemTemplate>
																		<EncyclopediaSubPageHistoryElement />
																	</ItemTemplate>
																</ListPanel>
															</Children>
														</Widget>
													</Children>
												</ListPanel>
											</Children>
										</Widget>
									</Children>
								</ScrollablePanel>
							</Children>
						</ListPanel>
					</Children>
				</Widget>
			</Children>
		</Widget>
	</Window>
</Prefab>