<Prefab>
	<Window>
		<ListPanel WidthSizePolicy="CoverChildren" HeightSizePolicy="CoverChildren" HorizontalAlignment="Left" VerticalAlignment="Center" MarginLeft="20" IsVisible="@IsValid">
			<Children>
				<SliderWidget WidthSizePolicy="Fixed" HeightSizePolicy="Fixed" SuggestedWidth="338" SuggestedHeight="42" VerticalAlignment="Center" DoNotUpdateHandleSize="true" Filler="Filler" Handle="SliderHandle" IsDiscrete="false" MaxValueFloat="@Max" MinValueFloat="@Min" ValueFloat="@Value" >
					<Children>
						<Widget WidthSizePolicy="Fixed" HeightSizePolicy="Fixed" SuggestedWidth="362" SuggestedHeight="38" HorizontalAlignment="Center" VerticalAlignment="Center" Sprite="SPOptions\standart_slider_canvas" IsEnabled="false" />
						<Widget Id="Filler" WidthSizePolicy="Fixed" HeightSizePolicy="Fixed" SuggestedWidth="345" SuggestedHeight="35" VerticalAlignment="Center" Sprite="SPOptions\standart_slider_fill" ClipContents="true">
							<Children>
								<Widget WidthSizePolicy="Fixed" HeightSizePolicy="Fixed" SuggestedWidth="345" SuggestedHeight="35" HorizontalAlignment="Left" VerticalAlignment="Center" Sprite="SPOptions\standart_slider_fill" />
							</Children>
						</Widget>
						<Widget WidthSizePolicy="Fixed" HeightSizePolicy="Fixed" SuggestedWidth="400" SuggestedHeight="65" HorizontalAlignment="Center" VerticalAlignment="Center" Sprite="SPOptions\standart_slider_frame" IsEnabled="false" />
						<Widget Id="SliderHandle" DoNotAcceptEvents="true" WidthSizePolicy="Fixed" HeightSizePolicy="Fixed" SuggestedWidth="14" SuggestedHeight="38" HorizontalAlignment="Left" VerticalAlignment="Center" Brush="SPOptions.Slider.Handle" />
					</Children>
				</SliderWidget>
				<ButtonWidget WidthSizePolicy="Fixed" HeightSizePolicy="Fixed" SuggestedWidth="150" SuggestedHeight="50" MarginLeft="60" HorizontalAlignment="Right" DoNotPassEventsToChildren="true" VerticalAlignment="Center" Command.Click="OnValueClick" Brush="Extension.Option.Value.Frame">
					<Children>
						<RichTextWidget WidthSizePolicy="CoverChildren" HeightSizePolicy="CoverChildren" HorizontalAlignment="Center" VerticalAlignment="Center" Brush="Extension.Option.Value.Text" IsEnabled="false" Text="@AsText" />
					</Children>
				</ButtonWidget>
			</Children>
		</ListPanel>
	</Window>
</Prefab>