<Prefab>
	<Parameters>
		<Parameter Name="HintTitleWidgetName" DefaultValue="" />
		<Parameter Name="HintTextWidgetName" DefaultValue="" />
	</Parameters>
	<Window>
		<ListPanel Id="@Id" WidthSizePolicy="StretchToParent" HeightSizePolicy="CoverChildren" HorizontalAlignment="Center" VerticalAlignment="Top" LayoutImp.LayoutMethod="VerticalBottomToTop">
			<Children>
				<ListPanel MarginTop="40" Id="OptionsList" DataSource="{Options}" WidthSizePolicy="StretchToParent" HeightSizePolicy="CoverChildren" HorizontalAlignment="Center" VerticalAlignment="Top" LayoutImp.LayoutMethod="VerticalBottomToTop">
					<ItemTemplate>
						<OptionWidget WidthSizePolicy="StretchToParent" HeightSizePolicy="Fixed" SuggestedHeight="50" Name="@Name" Hint="@HintText" HintTitleWidgetName="*HintTitleWidgetName" HintTextWidgetName="*HintTextWidgetName">
							<Children>
								<ListPanel Id="ListPanel" WidthSizePolicy="StretchToParent" HeightSizePolicy="StretchToParent" LayoutImp.LayoutMethod="HorizontalLeftToRight">
									<Children>
										<RichTextWidget WidthSizePolicy="Fixed" HeightSizePolicy="CoverChildren" SuggestedWidth="500" HorizontalAlignment="Right" VerticalAlignment="Center" Brush="SPOptions.OptionName.Text" Text="@Name" />
										<Widget Id="Option" WidthSizePolicy="StretchToParent" HeightSizePolicy="StretchToParent" MarginLeft="40">
											<Children>
												<BoolOption DataSource="{BoolOption}" />
												<FloatOption DataSource="{FloatOption}" />
												<IntOption DataSource="{IntOption}" />
												<EnumOption DataSource="{EnumOption}" />
												<PercentOption DataSource="{PercentOption}" />
											</Children>
										</Widget>
									</Children>
								</ListPanel>
							</Children>
						</OptionWidget>
					</ItemTemplate>
				</ListPanel>
				<ListPanel DataSource="{OptionGroups}" WidthSizePolicy="StretchToParent" HeightSizePolicy="CoverChildren" HorizontalAlignment="Center" VerticalAlignment="Top" LayoutImp.LayoutMethod="VerticalBottomToTop">
					<ItemTemplate>
						<ListPanel WidthSizePolicy="StretchToParent" HeightSizePolicy="CoverChildren" MarginBottom="20" LayoutImp.LayoutMethod="VerticalBottomToTop">
							<Children>
								<GroupHeaderWidget WidthSizePolicy="StretchToParent" HeightSizePolicy="Fixed" SuggestedHeight="100" HorizontalAlignment="Center" VerticalAlignment="Top" UpdateChildrenStates="true" HintTitle="@Name" HintText="@HintText" HintTitleWidgetName="*HintTitleWidgetName" HintTextWidgetName="*HintTextWidgetName" ListPanel="..\OptionsList" CollapseButton="GroupList\HeaderList\CollapseButton" GroupNameWidget="GroupList\HeaderList\GroupName" IsGroupEnabled="@Enabled" >
									<Children>
										<ListPanel Id="GroupList" DoNotAcceptEvents="true" WidthSizePolicy="StretchToParent" HeightSizePolicy="CoverChildren" VerticalAlignment="Center" LayoutImp.LayoutMethod="HorizontalLeftToRight" UpdateChildrenStates="true">
											<Children>
												<ListPanel Id="HeaderList" DoNotAcceptEvents="true" WidthSizePolicy="Fixed" SuggestedWidth="600" HeightSizePolicy="CoverChildren" VerticalAlignment="Center" LayoutImp.LayoutMethod="HorizontalRightToLeft">
													<Children>
														<TextWidget Id="GroupName" DoNotAcceptEvents="true" WidthSizePolicy="CoverChildren" VerticalAlignment="Center" Brush="Extension.OptionGroup.Title.Text" Text="@Name" />
														<ButtonWidget MarginRight="5" WidthSizePolicy="Fixed" HeightSizePolicy="Fixed" VerticalAlignment="Center" SuggestedWidth="40" SuggestedHeight="40" ButtonType="Toggle" IsSelected="@Enabled" Brush="Extension.Checkbox.Button" />
														<ButtonWidget Id="CollapseButton" MarginRight="10" WidthSizePolicy="Fixed" HeightSizePolicy="Fixed" VerticalAlignment="Center" SuggestedWidth="40" SuggestedHeight="40" Brush="Extension.Collapse.Button" />
													</Children>
												</ListPanel>
												<ImageWidget Id="Separator" DoNotAcceptEvents="true" WidthSizePolicy="StretchToParent" MarginLeft="10" MarginRight="50" HeightSizePolicy="Fixed" SuggestedHeight="2" VerticalAlignment="Center" Brush="Extension.CollapserLine" />
											</Children>
										</ListPanel>
									</Children>
								</GroupHeaderWidget>
								<ListPanel Id="OptionsList" DataSource="{Options}" WidthSizePolicy="StretchToParent" HeightSizePolicy="CoverChildren" HorizontalAlignment="Center" VerticalAlignment="Top" LayoutImp.LayoutMethod="VerticalBottomToTop">
									<ItemTemplate>
										<OptionWidget WidthSizePolicy="StretchToParent" HeightSizePolicy="Fixed" SuggestedHeight="50" Name="@Name" Hint="@HintText" HintTitleWidgetName="*HintTitleWidgetName" HintTextWidgetName="*HintTextWidgetName">
											<Children>
												<ListPanel Id="ListPanel" WidthSizePolicy="StretchToParent" HeightSizePolicy="StretchToParent" LayoutImp.LayoutMethod="HorizontalLeftToRight">
													<Children>
														<RichTextWidget WidthSizePolicy="Fixed" HeightSizePolicy="CoverChildren" SuggestedWidth="500" HorizontalAlignment="Right" VerticalAlignment="Center" Brush="SPOptions.OptionName.Text" Text="@Name" />
														<Widget Id="Option" WidthSizePolicy="StretchToParent" HeightSizePolicy="StretchToParent" MarginLeft="40">
															<Children>
																<BoolOption DataSource="{BoolOption}" />
																<FloatOption DataSource="{FloatOption}" />
																<IntOption DataSource="{IntOption}" />
																<EnumOption DataSource="{EnumOption}" />
																<PercentOption DataSource="{PercentOption}" />
															</Children>
														</Widget>
													</Children>
												</ListPanel>
											</Children>
										</OptionWidget>
									</ItemTemplate>
								</ListPanel>
							</Children>
						</ListPanel>
					</ItemTemplate>
				</ListPanel>
			</Children>
		</ListPanel>
	</Window>
</Prefab>