﻿<Module>
	<Name value="Extension"/>
	<Id value="Extension"/>
	<Version value="v1.0.3"/>
	<SingleplayerModule value="true"/>
	<MultiplayerModule value="false"/>
	<Official value="false" />
	<DependedModules>
		<DependedModule Id="Native" />
		<DependedModule Id="SandBoxCore" />
		<DependedModule Id="Sandbox" />
		<DependedModule Id="StoryMode" />
	</DependedModules>
	<SubModules>
		<SubModule>
			<Name value="Extension"/>
			<DLLName value="Extension.dll"/>
			<SubModuleClassType value="Extension.Module"/>
			<Tags>
				<Tag key="DedicatedServerType" value="none" />
				<Tag key="IsNoRenderModeElement" value="false" />
			</Tags>
		</SubModule>
	</SubModules>
	<Xmls>
	</Xmls>
</Module>