<Brushes>
	<Brush Name="Extension.EditValue.Frame">
		<Layers>
			<BrushLayer Name="Default" Sprite="StdAssets\standart_popup" />
			<BrushLayer Name="Frame" ExtendLeft="5" ExtendRight="0" ExtendTop="5" ExtendBottom="4" Sprite="Frame1_frame" OverlayMethod="CoverWithTexture" OverlaySprite="stone_texture_overlay" />
		</Layers>
		<Styles>
			<Style Name="Default">
				<BrushLayer Name="Default" />
				<BrushLayer Name="Frame" />
			</Style>
		</Styles>
	</Brush>
	<Brush Name="Extension.Collapse.Button">
		<Layers>
			<BrushLayer Name="Canvas" Color="#D69846FF" Sprite="arrow_pointing_right" />
		</Layers>
		<Styles>
			<Style Name="Default">
				<BrushLayer Name="Canvas" ColorFactor="1.0" />
			</Style>
			<Style Name="Selected">
				<BrushLayer Name="Canvas" ColorFactor="1.0" Color="#D69846FF" Sprite="arrow_pointing_down" />
			</Style>
			<Style Name="Pressed">
				<BrushLayer Name="Canvas" ColorFactor="0.8" />
			</Style>
			<Style Name="Hovered">
				<BrushLayer Name="Canvas" ColorFactor="1.2" />
			</Style>
			<Style Name="Disabled">
				<BrushLayer Name="Canvas" ColorFactor="0.5" />
			</Style>
		</Styles>
		<SoundProperties>
			<EventSounds>
				<EventSound EventName="Click" Audio="checkbox" />
			</EventSounds>
		</SoundProperties>
	</Brush>
	<Brush Name="Extension.Checkbox.Button">
		<Layers>
			<BrushLayer Name="Canvas" Sprite="SPOptions\checkbox_empty" />
		</Layers>
		<Styles>
			<Style Name="Default">
				<BrushLayer Name="Canvas" />
			</Style>
			<Style Name="Selected">
				<BrushLayer Name="Canvas" ColorFactor="1.0" Sprite="SPOptions\checkbox_full" />
			</Style>
			<Style Name="Pressed">
				<BrushLayer Name="Canvas" ColorFactor="0.8" />
			</Style>
			<Style Name="Hovered">
				<BrushLayer Name="Canvas" ColorFactor="1.2" />
			</Style>
			<Style Name="Disabled">
				<BrushLayer Name="Canvas" ColorFactor="0.5" />
			</Style>
		</Styles>
		<SoundProperties>
			<EventSounds>
				<EventSound EventName="Click" Audio="checkbox" />
			</EventSounds>
		</SoundProperties>
	</Brush>
	<Brush Name="Extension.Option.Checkbox.Button">
		<Layers>
			<BrushLayer Name="Canvas" Sprite="SPOptions\checkbox_empty" />
		</Layers>
		<Styles>
			<Style Name="Default">
				<BrushLayer Name="Canvas" />
			</Style>
			<Style Name="Selected">
				<BrushLayer Name="Canvas" ColorFactor="1.0" Sprite="SPOptions\checkbox_full" />
			</Style>
			<Style Name="Pressed">
				<BrushLayer Name="Canvas" ColorFactor="0.8" />
			</Style>
			<Style Name="Hovered">
				<BrushLayer Name="Canvas" ColorFactor="1.2" />
			</Style>
			<Style Name="Disabled">
				<BrushLayer Name="Canvas" ColorFactor="0.5" />
			</Style>
		</Styles>
		<SoundProperties>
			<EventSounds>
				<EventSound EventName="Click" Audio="checkbox" />
			</EventSounds>
		</SoundProperties>
	</Brush>
	<Brush Name="Extension.CollapserLine">
		<Layers>
			<BrushLayer Name="Canvas" Sprite="GradientDivider_9" Color="#D69846FF" />
		</Layers>
		<Styles>
			<Style Name="Default">
				<BrushLayer Name="Canvas" AlphaFactor="1.0" />
			</Style>
			<Style Name="Pressed">
				<BrushLayer Name="Canvas" ColorFactor="0.8" />
			</Style>
			<Style Name="Hovered">
				<BrushLayer Name="Canvas" ColorFactor="1.2" />
			</Style>
			<Style Name="Disabled">
				<BrushLayer Name="Canvas" ColorFactor="0.5" />
			</Style>
		</Styles>
	</Brush>
	<Brush Name="Extension.Option.TabControl.Text" Font="Galahad">
		<Styles>
			<Style Name="Default" FontColor="#C6AC8DFF" TextAlphaFactor="1.0" TextOutlineAmount="0.1" TextGlowRadius="0" TextBlur="0" TextShadowOffset="1" TextShadowAngle="60" FontSize="28" />
			<Style Name="Selected" FontColor="#E6CEA0FF" TextAlphaFactor="1.0" />
			<Style Name="Hovered" FontColor="#E6CEA0FF" TextAlphaFactor="0.8" />
			<Style Name="Disabled" TextAlphaFactor="0.3" />
		</Styles>
	</Brush>
	<Brush Name="Extension.OptionCategory.Title.Text" Font="FiraSansExtraCondensed-Regular" TextVerticalAlignment="Center" TextHorizontalAlignment="Center">
		<Styles>
			<Style Name="Default" FontColor="#D69846FF" TextAlphaFactor="1.0" TextGlowColor="#FFFFFF00" TextOutlineColor="#FFFFFF00" TextOutlineAmount="0" TextGlowRadius="0" TextBlur="0" FontSize="36" />
			<Style Name="Disabled" TextAlphaFactor="0.5" />
		</Styles>
	</Brush>
	<Brush Name="Extension.OptionGroup.Title.Text" Font="FiraSansExtraCondensed-Regular" TextVerticalAlignment="Center" TextHorizontalAlignment="Center">
		<Styles>
			<Style Name="Default" FontColor="#D69846FF" TextAlphaFactor="1.0" TextGlowColor="#FFFFFF00" TextOutlineColor="#FFFFFF00" TextOutlineAmount="0" TextGlowRadius="0" TextBlur="0" FontSize="36" />
			<Style Name="Disabled" TextAlphaFactor="0.5" />
		</Styles>
	</Brush>
	<Brush Name="Extension.Option.Scrollbar.Handle">
		<Layers>
			<BrushLayer Name="Default" Sprite="slider_thin_9" />
		</Layers>
		<Styles>
			<Style Name="Default">
				<BrushLayer Name="Default" ColorFactor="1" AlphaFactor="1" />
			</Style>
			<Style Name="Hovered">
				<BrushLayer Name="Default" ColorFactor="1.2" AlphaFactor="1" />
			</Style>
			<Style Name="Pressed">
				<BrushLayer Name="Default" ColorFactor="0.8" />
			</Style>
			<Style Name="Selected">
				<BrushLayer Name="Default" ColorFactor="1.2" />
			</Style>
			<Style Name="Disabled">
				<BrushLayer Name="Default" AlphaFactor="0.5" />
			</Style>
		</Styles>
	</Brush>
	<Brush Name="Extension.Option.Scrollbar">
		<Layers>
			<BrushLayer Name="Default" Sprite="SPRecruitment\slider_thin_bed" />
		</Layers>
		<Styles>
			<Style Name="Default">
				<BrushLayer Name="Default" ColorFactor="1" AlphaFactor="1" />
			</Style>
			<Style Name="Hovered">
				<BrushLayer Name="Default" ColorFactor="1.2" AlphaFactor="1" />
			</Style>
			<Style Name="Pressed">
				<BrushLayer Name="Default" ColorFactor="0.8" />
			</Style>
			<Style Name="Selected">
				<BrushLayer Name="Default" ColorFactor="1.2" />
			</Style>
			<Style Name="Disabled">
				<BrushLayer Name="Default" AlphaFactor="0.5" />
			</Style>
		</Styles>
	</Brush>
	<Brush Name="Extension.Option.Hint.Text" Font="FiraSansExtraCondensed-Regular" TextHorizontalAlignment="Left">
		<Styles>
			<Style Name="Default" FontColor="#F2DEB9FF" TextBlur="0" TextGlowColor="#000000FF" TextGlowRadius="0" TextOutlineAmount="0" TextOutlineColor="#000000FF" FontSize="24" />
			<Style Name="Red" FontColor="#FF0000FF" TextBlur="0" TextGlowColor="#000000FF" TextGlowRadius="0" TextOutlineAmount="0.1" TextOutlineColor="#FF0000FF" FontSize="24" />
			<Style Name="Explanation" Font="FiraSansExtraCondensed-Light" FontColor="#F2DEB9FF" TextBlur="0" TextGlowColor="#000000FF" TextGlowRadius="0" TextOutlineAmount="0" TextOutlineColor="#000000FF" FontSize="20" />
			<Style Name="Bold" FontColor="#F2DEB9FF" TextBlur="0" TextGlowColor="#000000FF" TextGlowRadius="0" TextOutlineAmount="0.1" TextOutlineColor="#F2DEB9FF" FontSize="24" />
			<Style Name="Smaller" FontColor="#F2DEB9FF" TextBlur="0" TextGlowColor="#000000FF" TextGlowRadius="0" TextOutlineAmount="0" TextOutlineColor="#000000FF" FontSize="20" />
			<Style Name="Cheat" FontColor="#00FFFFFF" TextBlur="0" TextGlowColor="#000000FF" TextGlowRadius="0" TextOutlineAmount="0" TextOutlineColor="#000000FF" FontSize="24" />
		</Styles>
	</Brush>
	<Brush Name="Extension.Option.ValueError.Text" Font="FiraSansExtraCondensed-Regular" TextHorizontalAlignment="Center">
		<Styles>
			<Style Name="Default" FontColor="#F2DEB9FF" TextBlur="0" TextGlowColor="#000000FF" TextGlowRadius="0" TextOutlineAmount="0" TextOutlineColor="#000000FF" FontSize="20" />
			<Style Name="Red" FontColor="#FF0000FF" TextBlur="0" TextGlowColor="#000000FF" TextGlowRadius="0" TextOutlineAmount="0.1" TextOutlineColor="#FF0000FF" FontSize="20" />
		</Styles>
	</Brush>
	<Brush Name="Extension.Option.Hint.Title" Font="FiraSansExtraCondensed-Regular" TextHorizontalAlignment="Left">
		<Styles>
			<Style Name="Default" FontColor="#D69846FF" TextBlur="0" TextGlowColor="#000000FF" TextGlowRadius="0" TextOutlineAmount="0" TextOutlineColor="#000000FF" FontSize="36" />
			<Style Name="OptionEnabled" TextHorizontalAlignment="Center" Font="FiraSansExtraCondensed-Light" FontColor="#FFFFFFFF" TextBlur="0" TextGlowColor="#000000FF" TextGlowRadius="0" TextOutlineAmount="0" TextOutlineColor="#000000FF" FontSize="20" />
			<Style Name="OptionDisabled" TextHorizontalAlignment="Center" Font="FiraSansExtraCondensed-Light" FontColor="#A0A0A0FF" TextBlur="0" TextGlowColor="#000000FF" TextGlowRadius="0" TextOutlineAmount="0" TextOutlineColor="#000000FF" FontSize="20" />
			<Style Name="Bold" FontColor="#D69846FF" TextBlur="0" TextGlowColor="#000000FF" TextGlowRadius="0" TextOutlineAmount="0.1" TextOutlineColor="#D69846FF" FontSize="36" />
		</Styles>
	</Brush>
	<Brush Name="Extension.Option.Value.Text" Font="FiraSansExtraCondensed-Regular" TextVerticalAlignment="Center" TextHorizontalAlignment="Center">
		<Styles>
			<Style Name="Default" FontColor="#F2DEB9FF" TextBlur="0" TextGlowColor="#000000FF" TextGlowRadius="0" TextOutlineAmount="0" TextOutlineColor="#000000FF" FontSize="24" />
		</Styles>
	</Brush>
	<Brush Name="Extension.Option.Value.Frame">
		<Layers>
			<BrushLayer Name="Canvas" ColorFactor="0.5" Sprite="option_value_background" />
		</Layers>
		<Styles>
			<Style Name="Default">
				<BrushLayer Name="Canvas" />
			</Style>
			<Style Name="Pressed">
				<BrushLayer Name="Canvas" ColorFactor="0.9" Sprite="option_value_background_hover" />
			</Style>
			<Style Name="Hovered">
				<BrushLayer Name="Canvas" ColorFactor="0.7" Sprite="option_value_background_hover" />
			</Style>
			<Style Name="Disabled">
				<BrushLayer Name="Canvas" ColorFactor="0.3" />
			</Style>
		</Styles>
		<SoundProperties>
			<EventSounds>
				<EventSound EventName="Click" Audio="checkbox" />
			</EventSounds>
		</SoundProperties>
	</Brush>
</Brushes>