﻿<?xml version="1.0" encoding="UTF-8"?>
<SpriteData>
	<SpriteCategories>
		<SpriteCategory>
			<Name>Extension</Name>
			<SpriteSheetCount>1</SpriteSheetCount>
			<SpriteSheetSize ID='1' Width='256' Height='256'/>
		</SpriteCategory>
	</SpriteCategories>
	<SpriteParts>
		<SpritePart>
			<SheetID>1</SheetID>
			<Name>option_value_background</Name>
			<Width>150</Width>
			<Height>65</Height>
			<SheetX>0</SheetX>
			<SheetY>0</SheetY>
			<CategoryName>Extension</CategoryName>
		</SpritePart>
		<SpritePart>
			<SheetID>1</SheetID>
			<Name>option_value_background_hover</Name>
			<Width>150</Width>
			<Height>65</Height>
			<SheetX>0</SheetX>
			<SheetY>66</SheetY>
			<CategoryName>Extension</CategoryName>
		</SpritePart>
		<SpritePart>
			<SheetID>1</SheetID>
			<Name>arrow_pointing_down</Name>
			<Width>49</Width>
			<Height>39</Height>
			<SheetX>0</SheetX>
			<SheetY>132</SheetY>
			<CategoryName>Extension</CategoryName>
		</SpritePart>
		<SpritePart>
			<SheetID>1</SheetID>
			<Name>arrow_pointing_right</Name>
			<Width>39</Width>
			<Height>49</Height>
			<SheetX>151</SheetX>
			<SheetY>0</SheetY>
			<CategoryName>Extension</CategoryName>
		</SpritePart>
	</SpriteParts>
	<Sprites>
		<GenericSprite>
			<Name>option_value_background</Name>
			<SpritePartName>option_value_background</SpritePartName>
		</GenericSprite>
		<GenericSprite>
			<Name>option_value_background_hover</Name>
			<SpritePartName>option_value_background_hover</SpritePartName>
		</GenericSprite>
		<GenericSprite>
			<Name>arrow_pointing_down</Name>
			<SpritePartName>arrow_pointing_down</SpritePartName>
		</GenericSprite>
		<GenericSprite>
			<Name>arrow_pointing_right</Name>
			<SpritePartName>arrow_pointing_right</SpritePartName>
		</GenericSprite>
	</Sprites>
</SpriteData>
